year,month,carrier,carrier_name,airport,airport_name,arr_flights,arr_del15,carrier_ct,weather_ct,nas_ct,security_ct,late_aircraft_ct,arr_cancelled,arr_diverted,arr_delay,carrier_delay,weather_delay,nas_delay,security_delay,late_aircraft_delay
2024,1,AA,American Airlines Inc.,MIA,"Miami, FL: Miami International",5281.00,1552.00,398.96,55.84,650.19,4.09,442.92,69.00,5.00,122579.00,44375.00,7237.00,25998.00,266.00,44703.00
2023,12,AA,American Airlines Inc.,MIA,"Miami, FL: Miami International",4883.00,1069.00,302.08,12.15,513.19,6.26,235.31,0.00,5.00,66856.00,25618.00,790.00,16374.00,192.00,23882.00
2023,11,AA,American Airlines Inc.,MIA,"Miami, FL: Miami International",4538.00,592.00,209.25,5.20,212.96,2.71,161.88,0.00,5.00,40731.00,16286.00,904.00,6332.00,85.00,17124.00
2023,10,AA,American Airlines Inc.,MIA,"Miami, FL: Miami International",4325.00,601.00,218.50,10.87,213.88,6.92,150.83,3.00,16.00,42898.00,19364.00,713.00,7465.00,237.00,15119.00
2023,9,AA,American Airlines Inc.,MIA,"Miami, FL: Miami International",4049.00,788.00,215.35,35.57,332.36,3.54,201.19,31.00,37.00,55904.00,17155.00,3519.00,15732.00,107.00,19391.00
2023,8,AA,American Airlines Inc.,MIA,"Miami, FL: Miami International",4604.00,1094.00,315.59,30.91,351.33,6.24,389.93,86.00,34.00,102683.00,31859.00,3022.00,20060.00,366.00,47376.00
2023,7,AA,American Airlines Inc.,MIA,"Miami, FL: Miami International",4602.00,1324.00,325.20,72.20,453.94,2.31,470.36,84.00,32.00,111924.00,27001.00,7100.00,22119.00,163.00,55541.00
2023,6,AA,American Airlines Inc.,MIA,"Miami, FL: Miami International",4422.00,1250.00,317.40,57.43,423.41,3.80,447.96,131.00,73.00,121187.00,33047.00,5708.00,22680.00,223.00,59529.00
2023,5,AA,American Airlines Inc.,MIA,"Miami, FL: Miami International",4466.00,803.00,258.04,20.38,245.58,4.72,274.27,13.00,29.00,67741.00,22736.00,1750.00,10037.00,252.00,32966.00
2023,4,AA,American Airlines Inc.,MIA,"Miami, FL: Miami International",4228.00,1080.00,244.39,31.83,465.34,4.26,334.19,32.00,21.00,86825.00,22503.00,3542.00,23216.00,318.00,37246.00
2023,3,AA,American Airlines Inc.,MIA,"Miami, FL: Miami International",4369.00,973.00,278.09,14.16,350.35,2.27,328.13,10.00,3.00,72656.00,24923.00,1140.00,14293.00,126.00,32174.00
2023,2,AA,American Airlines Inc.,MIA,"Miami, FL: Miami International",3989.00,685.00,257.56,21.88,172.60,3.69,229.28,20.00,11.00,55514.00,23314.00,1972.00,6168.00,66.00,23994.00
2023,1,AA,American Airlines Inc.,MIA,"Miami, FL: Miami International",4297.00,856.00,268.55,22.49,336.78,3.62,224.55,40.00,4.00,68370.00,24561.00,1419.00,22287.00,92.00,20011.00
2022,12,AA,American Airlines Inc.,MIA,"Miami, FL: Miami International",4160.00,956.00,372.07,38.18,252.06,4.27,289.42,23.00,9.00,70992.00,30634.00,3823.00,8822.00,185.00,27528.00
2022,11,AA,American Airlines Inc.,MIA,"Miami, FL: Miami International",3995.00,820.00,266.59,11.65,288.25,4.11,249.41,33.00,24.00,60048.00,22863.00,796.00,10272.00,140.00,25977.00
2022,10,AA,American Airlines Inc.,MIA,"Miami, FL: Miami International",4308.00,683.00,233.93,7.67,190.49,3.20,247.71,15.00,7.00,53584.00,17173.00,949.00,9009.00,105.00,26348.00
2022,9,AA,American Airlines Inc.,MIA,"Miami, FL: Miami International",4211.00,1006.00,256.11,25.33,428.19,3.60,292.77,170.00,7.00,64601.00,19644.00,1986.00,15822.00,140.00,27009.00
2022,8,AA,American Airlines Inc.,MIA,"Miami, FL: Miami International",4423.00,1008.00,346.83,49.58,298.40,7.25,305.95,117.00,13.00,72545.00,28321.00,4494.00,11047.00,580.00,28103.00
2022,7,AA,American Airlines Inc.,MIA,"Miami, FL: Miami International",4573.00,1155.00,384.97,51.97,312.13,3.45,402.48,137.00,15.00,91605.00,37673.00,5317.00,13138.00,114.00,35363.00
2022,6,AA,American Airlines Inc.,MIA,"Miami, FL: Miami International",4451.00,1355.00,435.30,70.05,458.55,1.75,389.35,374.00,38.00,114252.00,44877.00,7382.00,25828.00,70.00,36095.00
2022,5,AA,American Airlines Inc.,MIA,"Miami, FL: Miami International",4921.00,992.00,305.82,36.99,367.06,0.95,281.18,131.00,35.00,70257.00,25492.00,3678.00,16675.00,29.00,24383.00
2022,4,AA,American Airlines Inc.,MIA,"Miami, FL: Miami International",4880.00,1063.00,305.31,31.04,423.39,5.51,297.75,208.00,29.00,88535.00,29897.00,3286.00,24827.00,170.00,30355.00
2022,3,AA,American Airlines Inc.,MIA,"Miami, FL: Miami International",5378.00,1252.00,299.82,31.29,582.99,6.83,331.07,43.00,7.00,97608.00,35630.00,2630.00,26922.00,325.00,32101.00
2022,2,AA,American Airlines Inc.,MIA,"Miami, FL: Miami International",4998.00,1323.00,399.22,40.78,550.44,5.35,327.21,260.00,8.00,101443.00,38679.00,6377.00,23383.00,195.00,32809.00
2022,1,AA,American Airlines Inc.,MIA,"Miami, FL: Miami International",5475.00,1283.00,380.42,28.21,537.74,5.19,331.44,235.00,8.00,99234.00,43103.00,2182.00,20646.00,257.00,33046.00
2021,12,AA,American Airlines Inc.,MIA,"Miami, FL: Miami International",5387.00,1042.00,358.61,9.86,333.53,6.82,333.19,52.00,6.00,84647.00,39026.00,956.00,11500.00,327.00,32838.00
2021,11,AA,American Airlines Inc.,MIA,"Miami, FL: Miami International",5185.00,1149.00,402.72,6.76,395.91,6.14,337.46,109.00,12.00,76112.00,35450.00,401.00,13470.00,160.00,26631.00
2021,10,AA,American Airlines Inc.,MIA,"Miami, FL: Miami International",4293.00,775.00,307.74,12.49,162.97,4.92,286.88,151.00,4.00,61960.00,26518.00,676.00,6360.00,213.00,28193.00
2021,9,AA,American Airlines Inc.,MIA,"Miami, FL: Miami International",3210.00,487.00,195.48,17.21,137.83,3.35,133.13,26.00,3.00,36115.00,17437.00,2162.00,4965.00,131.00,11420.00
2021,8,AA,American Airlines Inc.,MIA,"Miami, FL: Miami International",3631.00,855.00,318.88,46.27,244.86,5.69,239.30,91.00,12.00,73249.00,33750.00,4003.00,12044.00,309.00,23143.00
2021,7,AA,American Airlines Inc.,MIA,"Miami, FL: Miami International",3946.00,859.00,304.35,43.75,222.08,6.10,282.72,37.00,21.00,71635.00,29147.00,3935.00,8212.00,300.00,30041.00
2021,6,AA,American Airlines Inc.,MIA,"Miami, FL: Miami International",3821.00,857.00,309.02,45.86,233.91,5.45,262.75,115.00,24.00,71837.00,28798.00,4447.00,11853.00,158.00,26581.00
2021,5,AA,American Airlines Inc.,MIA,"Miami, FL: Miami International",4186.00,540.00,232.91,15.97,154.94,6.75,129.43,7.00,16.00,43134.00,24016.00,1208.00,5231.00,178.00,12501.00
2021,4,AA,American Airlines Inc.,MIA,"Miami, FL: Miami International",3666.00,355.00,156.88,13.17,98.67,2.73,83.55,69.00,9.00,29722.00,14871.00,1521.00,4033.00,120.00,9177.00
2021,3,AA,American Airlines Inc.,MIA,"Miami, FL: Miami International",3132.00,277.00,134.38,5.97,79.25,3.35,54.04,5.00,4.00,20994.00,11116.00,607.00,2508.00,170.00,6593.00
2021,2,AA,American Airlines Inc.,MIA,"Miami, FL: Miami International",2205.00,298.00,92.99,33.45,131.07,4.88,35.62,50.00,0.00,23707.00,9082.00,2742.00,5185.00,287.00,6411.00
2021,1,AA,American Airlines Inc.,MIA,"Miami, FL: Miami International",2447.00,204.00,107.45,8.57,55.32,1.00,31.66,2.00,4.00,17479.00,11437.00,373.00,2544.00,34.00,3091.00
2020,12,AA,American Airlines Inc.,MIA,"Miami, FL: Miami International",2415.00,233.00,119.46,7.96,88.00,3.00,14.58,12.00,1.00,15089.00,8313.00,311.00,3123.00,81.00,3261.00
2020,11,AA,American Airlines Inc.,MIA,"Miami, FL: Miami International",2331.00,191.00,83.64,4.62,76.28,1.35,25.12,3.00,3.00,11010.00,6226.00,536.00,2232.00,35.00,1981.00
2020,10,AA,American Airlines Inc.,MIA,"Miami, FL: Miami International",1757.00,213.00,103.06,3.85,80.03,3.51,22.56,2.00,6.00,11908.00,7616.00,67.00,2177.00,111.00,1937.00
2020,9,AA,American Airlines Inc.,MIA,"Miami, FL: Miami International",1738.00,165.00,70.57,8.37,59.41,8.29,18.36,3.00,3.00,6698.00,3076.00,350.00,1638.00,304.00,1330.00
2020,8,AA,American Airlines Inc.,MIA,"Miami, FL: Miami International",2220.00,147.00,69.17,9.55,47.55,4.13,16.60,6.00,6.00,7509.00,4019.00,611.00,1413.00,107.00,1359.00
2020,7,AA,American Airlines Inc.,MIA,"Miami, FL: Miami International",2991.00,193.00,75.88,19.55,55.90,1.00,40.67,49.00,8.00,14336.00,6933.00,1384.00,1768.00,19.00,4232.00
2020,6,AA,American Airlines Inc.,MIA,"Miami, FL: Miami International",1869.00,90.00,53.43,9.30,10.86,0.00,16.41,0.00,1.00,8639.00,5423.00,674.00,538.00,0.00,2004.00
2020,5,AA,American Airlines Inc.,MIA,"Miami, FL: Miami International",1213.00,43.00,21.90,2.48,7.75,2.00,8.88,0.00,8.00,2793.00,1477.00,123.00,241.00,32.00,920.00
2020,4,AA,American Airlines Inc.,MIA,"Miami, FL: Miami International",2393.00,73.00,53.68,2.72,7.32,1.00,8.28,886.00,1.00,6142.00,5054.00,156.00,257.00,36.00,639.00
2020,3,AA,American Airlines Inc.,MIA,"Miami, FL: Miami International",4299.00,282.00,119.75,4.58,72.22,0.00,85.45,745.00,5.00,22694.00,12802.00,367.00,2258.00,0.00,7267.00
2020,2,AA,American Airlines Inc.,MIA,"Miami, FL: Miami International",4113.00,570.00,203.98,10.31,191.86,3.99,159.86,20.00,2.00,45620.00,20988.00,984.00,7272.00,253.00,16123.00
2020,1,AA,American Airlines Inc.,MIA,"Miami, FL: Miami International",4484.00,605.00,244.60,19.38,164.47,2.00,174.55,19.00,3.00,44642.00,20779.00,1488.00,5555.00,133.00,16687.00
2019,12,AA,American Airlines Inc.,MIA,"Miami, FL: Miami International",4479.00,780.00,274.24,19.06,228.13,6.18,252.38,2.00,11.00,50574.00,21065.00,947.00,7669.00,226.00,20667.00
2019,11,AA,American Airlines Inc.,MIA,"Miami, FL: Miami International",3932.00,460.00,215.26,5.67,92.23,4.59,142.26,10.00,2.00,31729.00,16196.00,351.00,3158.00,105.00,11919.00
2019,10,AA,American Airlines Inc.,MIA,"Miami, FL: Miami International",4002.00,560.00,208.20,9.32,149.00,2.21,191.27,11.00,5.00,37214.00,17097.00,512.00,4738.00,137.00,14730.00
2019,9,AA,American Airlines Inc.,MIA,"Miami, FL: Miami International",3864.00,495.00,188.19,6.89,153.37,3.20,143.34,71.00,2.00,32240.00,14239.00,762.00,5362.00,129.00,11748.00
2019,8,AA,American Airlines Inc.,MIA,"Miami, FL: Miami International",4229.00,993.00,252.88,39.69,338.75,2.89,358.78,71.00,20.00,79507.00,26443.00,4453.00,15648.00,99.00,32864.00
2019,7,AA,American Airlines Inc.,MIA,"Miami, FL: Miami International",4176.00,879.00,291.10,48.13,235.40,2.47,301.90,89.00,27.00,64989.00,24260.00,3907.00,10763.00,119.00,25940.00
2019,6,AA,American Airlines Inc.,MIA,"Miami, FL: Miami International",3969.00,910.00,318.39,41.00,197.95,0.31,352.34,102.00,23.00,78783.00,33115.00,4818.00,8207.00,13.00,32630.00
2019,5,AA,American Airlines Inc.,MIA,"Miami, FL: Miami International",4075.00,745.00,246.06,30.68,185.51,1.28,281.48,67.00,13.00,57052.00,19739.00,3117.00,10316.00,25.00,23855.00
2019,4,AA,American Airlines Inc.,MIA,"Miami, FL: Miami International",4030.00,708.00,231.55,23.11,244.18,2.37,206.79,100.00,1.00,49229.00,18483.00,2783.00,9831.00,145.00,17987.00
2019,3,AA,American Airlines Inc.,MIA,"Miami, FL: Miami International",4539.00,715.00,256.33,16.56,165.38,0.39,276.34,98.00,3.00,52836.00,20528.00,1681.00,5881.00,18.00,24728.00
2019,2,AA,American Airlines Inc.,MIA,"Miami, FL: Miami International",4230.00,788.00,254.91,26.32,293.38,3.10,210.29,19.00,7.00,47686.00,20082.00,1317.00,10163.00,134.00,15990.00
2019,1,AA,American Airlines Inc.,MIA,"Miami, FL: Miami International",4641.00,821.00,240.68,42.16,309.36,1.27,227.53,44.00,7.00,50983.00,19605.00,2772.00,11002.00,826.00,16778.00
2018,12,AA,American Airlines Inc.,MIA,"Miami, FL: Miami International",4530.00,998.00,285.19,22.28,427.27,4.76,258.49,41.00,15.00,54678.00,17637.00,1954.00,14592.00,204.00,20291.00
2018,11,AA,American Airlines Inc.,MIA,"Miami, FL: Miami International",4179.00,774.00,265.45,24.30,289.67,1.59,192.99,13.00,5.00,60411.00,29270.00,4152.00,10315.00,49.00,16625.00
2018,10,AA,American Airlines Inc.,MIA,"Miami, FL: Miami International",4211.00,633.00,239.08,11.36,167.28,0.97,214.30,11.00,1.00,42315.00,17215.00,1097.00,6160.00,31.00,17812.00
2018,9,AA,American Airlines Inc.,MIA,"Miami, FL: Miami International",3944.00,612.00,240.15,23.19,164.06,3.90,180.70,18.00,5.00,43683.00,20426.00,2138.00,5844.00,293.00,14982.00
2018,8,AA,American Airlines Inc.,MIA,"Miami, FL: Miami International",4203.00,965.00,310.45,52.88,282.50,1.62,317.55,61.00,13.00,72022.00,26562.00,5695.00,12389.00,67.00,27309.00
2018,7,AA,American Airlines Inc.,MIA,"Miami, FL: Miami International",4312.00,1389.00,358.46,45.40,537.25,3.75,444.15,112.00,18.00,107292.00,32176.00,3831.00,25321.00,761.00,45203.00
2018,6,AA,American Airlines Inc.,MIA,"Miami, FL: Miami International",4167.00,1070.00,319.70,44.71,374.16,3.06,328.36,49.00,6.00,71000.00,24041.00,3598.00,16795.00,133.00,26433.00
2018,5,AA,American Airlines Inc.,MIA,"Miami, FL: Miami International",4337.00,987.00,255.89,19.72,401.78,1.82,307.78,52.00,20.00,69365.00,21030.00,2594.00,18198.00,65.00,27478.00
2018,4,AA,American Airlines Inc.,MIA,"Miami, FL: Miami International",4277.00,710.00,219.56,11.95,262.09,3.27,213.13,15.00,25.00,48521.00,19152.00,1429.00,10086.00,104.00,17750.00
2018,3,AA,American Airlines Inc.,MIA,"Miami, FL: Miami International",4515.00,579.00,219.77,16.27,184.03,1.30,157.63,120.00,3.00,39228.00,19504.00,1550.00,6751.00,130.00,11293.00
2018,2,AA,American Airlines Inc.,MIA,"Miami, FL: Miami International",4013.00,485.00,171.73,21.21,162.67,0.00,129.39,13.00,3.00,31180.00,12078.00,2142.00,5708.00,0.00,11252.00
2018,1,AA,American Airlines Inc.,MIA,"Miami, FL: Miami International",4376.00,666.00,232.51,24.37,239.72,0.00,169.40,68.00,2.00,42786.00,17501.00,2451.00,8185.00,0.00,14649.00
2017,12,AA,American Airlines Inc.,MIA,"Miami, FL: Miami International",4330.00,830.00,248.40,35.15,345.71,2.55,198.19,13.00,1.00,53582.00,19399.00,5028.00,13414.00,49.00,15692.00
2017,11,AA,American Airlines Inc.,MIA,"Miami, FL: Miami International",4024.00,413.00,159.12,3.12,131.66,4.88,114.21,4.00,1.00,22418.00,9032.00,106.00,3885.00,602.00,8793.00
2017,10,AA,American Airlines Inc.,MIA,"Miami, FL: Miami International",4166.00,603.00,211.27,7.81,231.79,2.14,149.99,60.00,16.00,34672.00,13762.00,323.00,7602.00,101.00,12884.00
2017,9,AA,American Airlines Inc.,MIA,"Miami, FL: Miami International",3869.00,460.00,137.81,6.27,198.21,3.19,114.53,948.00,14.00,28418.00,11375.00,424.00,7884.00,132.00,8603.00
2017,8,AA,American Airlines Inc.,MIA,"Miami, FL: Miami International",4379.00,1017.00,300.16,29.98,415.90,1.59,269.37,34.00,8.00,58249.00,20226.00,2950.00,14367.00,71.00,20635.00
2017,7,AA,American Airlines Inc.,MIA,"Miami, FL: Miami International",4522.00,1215.00,336.27,49.37,395.69,2.08,431.58,91.00,14.00,82647.00,27119.00,3669.00,16695.00,206.00,34958.00
2017,6,AA,American Airlines Inc.,MIA,"Miami, FL: Miami International",4372.00,1127.00,286.68,49.89,435.49,0.23,354.70,106.00,36.00,75940.00,21801.00,4200.00,20728.00,11.00,29200.00
2017,5,AA,American Airlines Inc.,MIA,"Miami, FL: Miami International",4371.00,894.00,265.31,11.59,335.21,3.19,278.70,23.00,7.00,59060.00,20405.00,1048.00,13429.00,137.00,24041.00
2017,4,AA,American Airlines Inc.,MIA,"Miami, FL: Miami International",4301.00,774.00,245.33,15.90,269.03,1.00,242.74,28.00,4.00,53596.00,19328.00,1891.00,10682.00,24.00,21671.00
2017,3,AA,American Airlines Inc.,MIA,"Miami, FL: Miami International",4645.00,788.00,254.62,4.50,259.73,2.25,266.89,68.00,5.00,50632.00,20559.00,235.00,8249.00,54.00,21535.00
2017,2,AA,American Airlines Inc.,MIA,"Miami, FL: Miami International",4041.00,534.00,176.94,10.28,190.44,1.93,154.41,49.00,13.00,34530.00,15171.00,972.00,6437.00,58.00,11892.00
2017,1,AA,American Airlines Inc.,MIA,"Miami, FL: Miami International",4498.00,814.00,249.09,20.54,328.28,4.76,211.32,38.00,12.00,49096.00,18943.00,1713.00,11038.00,126.00,17276.00
2016,12,AA,American Airlines Inc.,MIA,"Miami, FL: Miami International",4612.00,968.00,321.44,31.59,360.48,2.90,251.60,15.00,11.00,55897.00,22631.00,2778.00,11731.00,162.00,18595.00
2016,11,AA,American Airlines Inc.,MIA,"Miami, FL: Miami International",4278.00,535.00,201.82,3.79,180.18,2.29,146.92,3.00,2.00,26904.00,10920.00,175.00,5519.00,209.00,10081.00
2016,10,AA,American Airlines Inc.,MIA,"Miami, FL: Miami International",4224.00,528.00,197.15,7.35,172.38,0.18,150.94,193.00,2.00,29877.00,12938.00,759.00,5573.00,11.00,10596.00
2016,9,AA,American Airlines Inc.,MIA,"Miami, FL: Miami International",3998.00,758.00,222.77,16.85,324.72,0.67,192.99,9.00,7.00,46223.00,17047.00,1399.00,12955.00,14.00,14808.00
2016,8,AA,American Airlines Inc.,MIA,"Miami, FL: Miami International",4569.00,1291.00,372.43,29.96,443.94,5.08,439.58,103.00,42.00,88116.00,27273.00,2858.00,20315.00,390.00,37280.00
2016,7,AA,American Airlines Inc.,MIA,"Miami, FL: Miami International",4733.00,1273.00,382.28,58.10,416.91,4.05,411.66,63.00,10.00,93370.00,28950.00,6006.00,16767.00,148.00,41499.00
2016,6,AA,American Airlines Inc.,MIA,"Miami, FL: Miami International",4648.00,1253.00,395.92,35.91,432.20,3.00,385.97,31.00,19.00,86531.00,34842.00,4387.00,16792.00,132.00,30378.00
2016,5,AA,American Airlines Inc.,MIA,"Miami, FL: Miami International",4801.00,964.00,281.00,23.65,376.93,5.04,277.38,26.00,16.00,67189.00,24601.00,2756.00,15711.00,167.00,23954.00
2016,4,AA,American Airlines Inc.,MIA,"Miami, FL: Miami International",4505.00,789.00,253.32,19.22,320.26,2.55,193.64,14.00,9.00,49064.00,18555.00,1941.00,12606.00,62.00,15900.00
2016,3,AA,American Airlines Inc.,MIA,"Miami, FL: Miami International",4715.00,1149.00,292.99,19.66,545.30,8.54,282.52,13.00,12.00,70477.00,22430.00,1462.00,21009.00,459.00,25117.00
2016,2,AA,American Airlines Inc.,MIA,"Miami, FL: Miami International",4363.00,798.00,214.18,18.65,341.13,3.29,220.76,27.00,6.00,53968.00,19906.00,1351.00,12316.00,117.00,20278.00
2016,1,AA,American Airlines Inc.,MIA,"Miami, FL: Miami International",4628.00,1222.00,335.41,31.03,602.39,7.77,245.41,135.00,42.00,74959.00,28660.00,3960.00,21886.00,307.00,20146.00
2015,12,AA,American Airlines Inc.,MIA,"Miami, FL: Miami International",4705.00,1112.00,347.04,22.26,464.41,10.44,267.85,40.00,15.00,67955.00,25539.00,2945.00,15461.00,372.00,23638.00
2015,11,AA,American Airlines Inc.,MIA,"Miami, FL: Miami International",4283.00,619.00,211.71,13.71,221.68,6.84,165.06,9.00,11.00,35711.00,13875.00,1505.00,7849.00,343.00,12139.00
2015,10,AA,American Airlines Inc.,MIA,"Miami, FL: Miami International",4369.00,552.00,205.23,10.95,185.89,2.46,147.48,14.00,7.00,36536.00,17717.00,1574.00,5866.00,93.00,11286.00
2015,9,AA,American Airlines Inc.,MIA,"Miami, FL: Miami International",4209.00,863.00,218.91,18.92,421.84,3.44,199.90,23.00,27.00,48966.00,17832.00,1384.00,14775.00,155.00,14820.00
2015,8,AA,American Airlines Inc.,MIA,"Miami, FL: Miami International",4660.00,1071.00,287.43,41.75,434.09,1.67,306.05,59.00,26.00,62517.00,19499.00,3223.00,17891.00,46.00,21858.00
2015,7,AA,American Airlines Inc.,MIA,"Miami, FL: Miami International",4721.00,1109.00,319.23,23.22,397.13,1.79,367.63,32.00,37.00,66948.00,21970.00,1706.00,14684.00,86.00,28502.00
2015,6,AA,American Airlines Inc.,MIA,"Miami, FL: Miami International",4265.00,957.00,305.00,30.41,286.43,3.99,331.17,32.00,16.00,68309.00,28359.00,3012.00,11100.00,124.00,25714.00
2015,5,AA,American Airlines Inc.,MIA,"Miami, FL: Miami International",4400.00,844.00,254.43,27.71,316.48,1.57,243.80,16.00,5.00,52922.00,22662.00,2662.00,9324.00,70.00,18204.00
2015,4,AA,American Airlines Inc.,MIA,"Miami, FL: Miami International",4343.00,706.00,209.69,17.14,274.20,0.72,204.25,10.00,6.00,38997.00,12272.00,1503.00,8766.00,13.00,16443.00
2015,3,AA,American Airlines Inc.,MIA,"Miami, FL: Miami International",4466.00,920.00,283.86,18.26,327.06,1.00,289.82,73.00,2.00,56593.00,22082.00,2385.00,10376.00,19.00,21731.00
2015,2,AA,American Airlines Inc.,MIA,"Miami, FL: Miami International",3906.00,812.00,223.42,54.36,337.37,1.29,195.56,110.00,16.00,48069.00,16438.00,4309.00,12110.00,62.00,15150.00
2015,1,AA,American Airlines Inc.,MIA,"Miami, FL: Miami International",4330.00,1002.00,261.12,36.55,392.40,2.83,309.09,87.00,17.00,56189.00,16768.00,2786.00,13782.00,202.00,22651.00
2014,12,AA,American Airlines Inc.,MIA,"Miami, FL: Miami International",4258.00,959.00,294.53,6.14,364.32,0.67,293.33,8.00,9.00,51591.00,18844.00,195.00,11777.00,17.00,20758.00
2014,11,AA,American Airlines Inc.,MIA,"Miami, FL: Miami International",3849.00,732.00,207.31,12.21,330.27,0.29,181.93,9.00,4.00,40934.00,15649.00,449.00,10427.00,8.00,14401.00
2014,10,AA,American Airlines Inc.,MIA,"Miami, FL: Miami International",3609.00,428.00,138.59,7.60,140.72,1.88,139.22,6.00,3.00,24720.00,9038.00,504.00,4660.00,203.00,10315.00
2014,9,AA,American Airlines Inc.,MIA,"Miami, FL: Miami International",3371.00,413.00,148.04,4.13,169.49,0.00,91.34,8.00,13.00,22753.00,11497.00,227.00,5157.00,0.00,5872.00
2014,8,AA,American Airlines Inc.,MIA,"Miami, FL: Miami International",3886.00,745.00,194.64,27.76,257.26,0.04,265.29,14.00,23.00,44456.00,13266.00,1973.00,9493.00,2.00,19722.00
2014,7,AA,American Airlines Inc.,MIA,"Miami, FL: Miami International",4046.00,999.00,231.96,34.83,370.77,2.71,358.73,19.00,41.00,61782.00,15756.00,3378.00,14290.00,101.00,28257.00
2014,6,AA,American Airlines Inc.,MIA,"Miami, FL: Miami International",4044.00,749.00,176.45,30.96,249.50,0.00,292.10,22.00,49.00,54157.00,19561.00,2207.00,10091.00,0.00,22298.00
2014,5,AA,American Airlines Inc.,MIA,"Miami, FL: Miami International",4149.00,579.00,175.41,16.91,180.33,0.00,206.35,32.00,29.00,37700.00,12205.00,1796.00,7610.00,0.00,16089.00
2014,4,AA,American Airlines Inc.,MIA,"Miami, FL: Miami International",4037.00,501.00,121.42,15.30,201.03,1.00,162.25,4.00,5.00,26621.00,9120.00,1024.00,6290.00,51.00,10136.00
2014,3,AA,American Airlines Inc.,MIA,"Miami, FL: Miami International",4391.00,636.00,137.81,23.01,250.43,0.50,224.24,58.00,20.00,36451.00,9278.00,1507.00,10983.00,8.00,14675.00
2014,2,AA,American Airlines Inc.,MIA,"Miami, FL: Miami International",3966.00,586.00,148.58,45.31,208.74,0.07,183.30,106.00,17.00,38440.00,12778.00,3398.00,9404.00,2.00,12858.00
2014,1,AA,American Airlines Inc.,MIA,"Miami, FL: Miami International",4360.00,848.00,211.46,88.10,279.48,1.00,267.96,104.00,4.00,48027.00,13942.00,7183.00,9578.00,18.00,17306.00
2013,12,AA,American Airlines Inc.,MIA,"Miami, FL: Miami International",4358.00,856.00,236.39,73.85,257.47,2.30,285.98,56.00,4.00,48969.00,17836.00,4075.00,8587.00,167.00,18304.00
2013,11,AA,American Airlines Inc.,MIA,"Miami, FL: Miami International",3816.00,420.00,136.86,9.83,119.74,4.10,149.47,9.00,7.00,23383.00,8956.00,343.00,3343.00,815.00,9926.00
2013,10,AA,American Airlines Inc.,MIA,"Miami, FL: Miami International",3780.00,356.00,121.87,8.39,84.15,0.00,141.59,1.00,5.00,20283.00,8560.00,380.00,2347.00,0.00,8996.00
2013,9,AA,American Airlines Inc.,MIA,"Miami, FL: Miami International",3594.00,451.00,137.49,24.22,121.74,0.87,166.69,6.00,6.00,25475.00,9223.00,1419.00,3845.00,13.00,10975.00
2013,8,AA,American Airlines Inc.,MIA,"Miami, FL: Miami International",4056.00,536.00,163.31,20.43,155.28,0.96,196.02,10.00,3.00,33212.00,14542.00,1469.00,4718.00,25.00,12458.00
2013,7,AA,American Airlines Inc.,MIA,"Miami, FL: Miami International",4122.00,859.00,202.27,35.73,268.28,0.94,351.78,33.00,14.00,52508.00,15714.00,2502.00,10216.00,21.00,24055.00
2013,6,AA,American Airlines Inc.,MIA,"Miami, FL: Miami International",3965.00,851.00,198.24,47.76,270.50,0.34,334.16,29.00,16.00,59014.00,17609.00,3300.00,11808.00,11.00,26286.00
2013,5,AA,American Airlines Inc.,MIA,"Miami, FL: Miami International",4014.00,631.00,166.92,24.14,202.94,0.19,236.80,15.00,34.00,38039.00,10339.00,1600.00,8249.00,7.00,17844.00
2013,4,AA,American Airlines Inc.,MIA,"Miami, FL: Miami International",3894.00,875.00,201.55,21.87,328.04,0.00,323.55,64.00,18.00,56730.00,16356.00,1488.00,12539.00,0.00,26347.00
2013,3,AA,American Airlines Inc.,MIA,"Miami, FL: Miami International",4151.00,686.00,176.52,28.41,244.89,0.00,236.19,25.00,7.00,41097.00,12657.00,1672.00,8431.00,0.00,18337.00
2013,2,AA,American Airlines Inc.,MIA,"Miami, FL: Miami International",3740.00,615.00,166.34,30.89,217.80,0.00,199.97,47.00,6.00,30771.00,10119.00,1399.00,6683.00,0.00,12570.00
2013,1,AA,American Airlines Inc.,MIA,"Miami, FL: Miami International",4131.00,704.00,219.25,23.87,228.68,3.82,228.39,28.00,1.00,37003.00,12616.00,1219.00,6926.00,261.00,15981.00
2012,12,AA,American Airlines Inc.,MIA,"Miami, FL: Miami International",4128.00,826.00,252.37,20.72,248.25,2.26,302.41,56.00,2.00,46759.00,16704.00,1150.00,7906.00,87.00,20912.00
2012,11,AA,American Airlines Inc.,MIA,"Miami, FL: Miami International",3720.00,728.00,286.64,6.87,216.75,0.00,217.75,38.00,4.00,36311.00,16217.00,187.00,5725.00,0.00,14182.00
2012,10,AA,American Airlines Inc.,MIA,"Miami, FL: Miami International",3582.00,1016.00,332.41,13.91,350.61,0.35,318.72,145.00,8.00,51933.00,19102.00,706.00,11083.00,13.00,21029.00
2012,9,AA,American Airlines Inc.,MIA,"Miami, FL: Miami International",3464.00,1268.00,369.64,16.96,485.47,1.47,394.46,69.00,10.00,75395.00,25932.00,1055.00,16956.00,128.00,31324.00
2012,8,AA,American Airlines Inc.,MIA,"Miami, FL: Miami International",3813.00,876.00,212.21,42.07,355.76,1.00,264.96,162.00,24.00,50277.00,15196.00,2812.00,12967.00,56.00,19246.00
2012,7,AA,American Airlines Inc.,MIA,"Miami, FL: Miami International",3950.00,748.00,217.60,39.86,250.97,1.00,238.57,23.00,9.00,47405.00,17046.00,2405.00,10361.00,38.00,17555.00
2012,6,AA,American Airlines Inc.,MIA,"Miami, FL: Miami International",3804.00,736.00,201.47,33.61,253.22,2.70,245.00,31.00,25.00,48876.00,15847.00,2670.00,10636.00,88.00,19635.00
2012,5,AA,American Airlines Inc.,MIA,"Miami, FL: Miami International",3895.00,717.00,170.78,41.83,251.73,0.86,251.80,9.00,27.00,44836.00,10765.00,3572.00,9777.00,32.00,20690.00
2012,4,AA,American Airlines Inc.,MIA,"Miami, FL: Miami International",3782.00,500.00,147.94,14.37,185.60,1.72,150.37,18.00,12.00,26896.00,10967.00,1003.00,5374.00,98.00,9454.00
2012,3,AA,American Airlines Inc.,MIA,"Miami, FL: Miami International",4035.00,672.00,188.88,24.79,254.52,1.00,202.81,21.00,17.00,38397.00,12927.00,1323.00,8010.00,18.00,16119.00
2012,2,AA,American Airlines Inc.,MIA,"Miami, FL: Miami International",3780.00,412.00,147.38,10.61,137.21,0.00,116.80,17.00,1.00,19245.00,8399.00,549.00,3835.00,0.00,6462.00
2012,1,AA,American Airlines Inc.,MIA,"Miami, FL: Miami International",4079.00,523.00,165.91,27.78,179.22,1.00,149.08,17.00,4.00,26051.00,10192.00,1373.00,5660.00,34.00,8792.00
2011,12,AA,American Airlines Inc.,MIA,"Miami, FL: Miami International",4060.00,650.00,249.70,14.81,182.68,0.00,202.81,19.00,5.00,33469.00,15049.00,802.00,5843.00,0.00,11775.00
2011,11,AA,American Airlines Inc.,MIA,"Miami, FL: Miami International",3668.00,471.00,206.20,7.42,95.81,0.06,161.50,8.00,1.00,27392.00,13059.00,437.00,3076.00,2.00,10818.00
2011,10,AA,American Airlines Inc.,MIA,"Miami, FL: Miami International",3597.00,587.00,197.37,27.18,209.29,0.81,152.35,29.00,10.00,29314.00,10486.00,1522.00,6800.00,39.00,10467.00
2011,9,AA,American Airlines Inc.,MIA,"Miami, FL: Miami International",3511.00,681.00,223.77,24.88,241.10,1.00,190.25,30.00,10.00,36490.00,14970.00,1810.00,7619.00,31.00,12060.00
2011,8,AA,American Airlines Inc.,MIA,"Miami, FL: Miami International",3842.00,954.00,276.07,92.12,277.24,0.00,308.57,212.00,24.00,57316.00,18840.00,5945.00,11569.00,0.00,20962.00
2011,7,AA,American Airlines Inc.,MIA,"Miami, FL: Miami International",3946.00,845.00,272.17,79.64,238.48,0.65,254.06,77.00,11.00,53231.00,19439.00,4927.00,10315.00,13.00,18537.00
2011,6,AA,American Airlines Inc.,MIA,"Miami, FL: Miami International",3767.00,740.00,242.66,66.52,200.79,1.32,228.71,74.00,47.00,46851.00,16343.00,4306.00,8000.00,35.00,18167.00
2011,5,AA,American Airlines Inc.,MIA,"Miami, FL: Miami International",3774.00,542.00,222.73,35.28,117.96,0.00,166.03,48.00,6.00,34243.00,14456.00,2935.00,4667.00,0.00,12185.00
2011,4,AA,American Airlines Inc.,MIA,"Miami, FL: Miami International",3727.00,689.00,173.70,66.46,218.73,0.00,230.11,66.00,20.00,43414.00,11852.00,3911.00,10164.00,0.00,17487.00
2011,3,AA,American Airlines Inc.,MIA,"Miami, FL: Miami International",3896.00,709.00,202.24,16.09,257.66,1.00,232.01,219.00,6.00,39020.00,12223.00,1354.00,9497.00,42.00,15904.00
2011,2,AA,American Airlines Inc.,MIA,"Miami, FL: Miami International",3537.00,599.00,209.22,52.90,147.87,3.01,186.00,92.00,6.00,32590.00,11883.00,3613.00,5517.00,148.00,11429.00
2011,1,AA,American Airlines Inc.,MIA,"Miami, FL: Miami International",3957.00,849.00,279.15,59.42,270.17,0.00,240.26,121.00,25.00,48546.00,17967.00,4333.00,10510.00,0.00,15736.00
2010,12,AA,American Airlines Inc.,MIA,"Miami, FL: Miami International",3937.00,698.00,260.15,60.40,173.87,3.52,200.06,85.00,7.00,41624.00,19107.00,3906.00,6513.00,121.00,11977.00
2010,11,AA,American Airlines Inc.,MIA,"Miami, FL: Miami International",3533.00,480.00,169.77,9.30,200.24,1.00,99.69,8.00,7.00,24323.00,11580.00,488.00,5792.00,62.00,6401.00
2010,10,AA,American Airlines Inc.,MIA,"Miami, FL: Miami International",3446.00,440.00,155.53,9.52,152.94,0.00,122.01,12.00,1.00,22771.00,9457.00,867.00,4169.00,0.00,8278.00
2010,9,AA,American Airlines Inc.,MIA,"Miami, FL: Miami International",3331.00,554.00,164.40,18.70,227.47,0.69,142.74,30.00,9.00,28412.00,9594.00,1645.00,8544.00,16.00,8613.00
2010,8,AA,American Airlines Inc.,MIA,"Miami, FL: Miami International",3583.00,805.00,239.82,37.14,276.73,1.00,250.31,67.00,8.00,48662.00,17906.00,3148.00,9933.00,19.00,17656.00
2010,7,AA,American Airlines Inc.,MIA,"Miami, FL: Miami International",3639.00,727.00,225.57,26.89,255.28,2.20,217.06,45.00,6.00,41263.00,15858.00,1626.00,9463.00,60.00,14256.00
2010,6,AA,American Airlines Inc.,MIA,"Miami, FL: Miami International",3484.00,769.00,227.97,34.76,281.62,0.10,224.55,101.00,14.00,45886.00,16316.00,2522.00,11144.00,7.00,15897.00
2010,5,AA,American Airlines Inc.,MIA,"Miami, FL: Miami International",3565.00,669.00,235.75,19.65,196.81,1.63,215.16,39.00,5.00,39614.00,16803.00,1266.00,7488.00,40.00,14017.00
2010,4,AA,American Airlines Inc.,MIA,"Miami, FL: Miami International",3468.00,635.00,231.45,9.08,197.72,1.35,195.39,33.00,23.00,37823.00,17779.00,546.00,7263.00,40.00,12195.00
2010,3,AA,American Airlines Inc.,MIA,"Miami, FL: Miami International",3666.00,925.00,285.96,32.17,326.50,0.69,279.68,36.00,10.00,56085.00,21203.00,2937.00,11753.00,11.00,20181.00
2010,2,AA,American Airlines Inc.,MIA,"Miami, FL: Miami International",3313.00,770.00,238.19,45.72,275.24,1.29,209.56,146.00,10.00,43434.00,16112.00,2809.00,10854.00,29.00,13630.00
2010,1,AA,American Airlines Inc.,MIA,"Miami, FL: Miami International",3659.00,797.00,267.69,39.60,253.07,3.76,232.87,59.00,2.00,41845.00,17937.00,2150.00,7852.00,442.00,13464.00
2009,12,AA,American Airlines Inc.,MIA,"Miami, FL: Miami International",3648.00,999.00,311.74,77.88,332.72,5.50,271.16,73.00,7.00,56312.00,18311.00,5771.00,12040.00,134.00,20056.00
2009,11,AA,American Airlines Inc.,MIA,"Miami, FL: Miami International",3290.00,488.00,196.34,5.38,137.11,0.11,149.06,13.00,6.00,29139.00,14516.00,414.00,4403.00,6.00,9800.00
2009,10,AA,American Airlines Inc.,MIA,"Miami, FL: Miami International",3255.00,542.00,210.31,8.39,121.35,0.74,201.21,13.00,4.00,30549.00,13701.00,668.00,3929.00,25.00,12226.00
2009,9,AA,American Airlines Inc.,MIA,"Miami, FL: Miami International",3150.00,546.00,154.79,24.64,201.10,2.05,163.42,13.00,5.00,30157.00,10963.00,1412.00,6628.00,42.00,11112.00
2009,8,AA,American Airlines Inc.,MIA,"Miami, FL: Miami International",3447.00,832.00,234.25,54.51,272.12,3.89,267.23,36.00,8.00,49763.00,16913.00,3427.00,10430.00,448.00,18545.00
2009,7,AA,American Airlines Inc.,MIA,"Miami, FL: Miami International",3502.00,1131.00,305.00,69.59,416.61,0.65,339.15,38.00,14.00,70459.00,22163.00,5976.00,17099.00,21.00,25200.00
2009,6,AA,American Airlines Inc.,MIA,"Miami, FL: Miami International",3394.00,1161.00,286.68,98.24,385.72,2.59,387.77,54.00,23.00,82459.00,20859.00,7370.00,20325.00,102.00,33803.00
2009,5,AA,American Airlines Inc.,MIA,"Miami, FL: Miami International",3503.00,984.00,228.56,41.21,427.21,1.30,285.72,29.00,19.00,59089.00,17719.00,2761.00,16631.00,41.00,21937.00
2009,4,AA,American Airlines Inc.,MIA,"Miami, FL: Miami International",3403.00,885.00,241.00,17.59,357.33,0.97,268.11,12.00,11.00,51569.00,16028.00,1458.00,13637.00,21.00,20425.00
2009,3,AA,American Airlines Inc.,MIA,"Miami, FL: Miami International",3575.00,688.00,213.79,23.10,241.32,0.00,209.78,34.00,12.00,37879.00,14107.00,1446.00,8079.00,0.00,14247.00
2009,2,AA,American Airlines Inc.,MIA,"Miami, FL: Miami International",3228.00,566.00,194.91,15.24,173.82,0.15,181.88,36.00,8.00,29988.00,11259.00,926.00,5836.00,8.00,11959.00
2009,1,AA,American Airlines Inc.,MIA,"Miami, FL: Miami International",3576.00,950.00,245.44,77.01,391.67,0.00,235.88,36.00,8.00,53310.00,17112.00,4886.00,14442.00,0.00,16870.00
2008,12,AA,American Airlines Inc.,MIA,"Miami, FL: Miami International",3571.00,1128.00,306.54,84.44,436.11,2.39,298.52,43.00,7.00,65287.00,20922.00,6333.00,16194.00,62.00,21776.00
2008,11,AA,American Airlines Inc.,MIA,"Miami, FL: Miami International",3443.00,657.00,192.12,6.53,292.90,1.94,163.51,18.00,4.00,31486.00,10933.00,368.00,9377.00,54.00,10754.00
2008,10,AA,American Airlines Inc.,MIA,"Miami, FL: Miami International",3368.00,646.00,197.74,12.24,278.49,0.12,157.41,25.00,1.00,32633.00,14077.00,757.00,7820.00,5.00,9974.00
2008,9,AA,American Airlines Inc.,MIA,"Miami, FL: Miami International",3265.00,642.00,194.29,18.26,280.97,0.38,148.10,43.00,5.00,35933.00,15979.00,1070.00,9111.00,6.00,9767.00
2008,8,AA,American Airlines Inc.,MIA,"Miami, FL: Miami International",3503.00,1200.00,309.79,36.12,477.45,1.25,375.39,67.00,8.00,69871.00,20479.00,2190.00,19153.00,37.00,28012.00
2008,7,AA,American Airlines Inc.,MIA,"Miami, FL: Miami International",3464.00,1134.00,303.79,44.60,416.75,6.64,362.22,45.00,16.00,71655.00,22253.00,2969.00,17889.00,551.00,27993.00
2008,6,AA,American Airlines Inc.,MIA,"Miami, FL: Miami International",3353.00,1208.00,286.38,40.39,435.65,0.14,445.43,58.00,4.00,88611.00,23324.00,4653.00,21345.00,4.00,39285.00
2008,5,AA,American Airlines Inc.,MIA,"Miami, FL: Miami International",3501.00,970.00,260.21,14.38,362.45,1.60,331.36,47.00,1.00,54860.00,19269.00,959.00,12523.00,92.00,22017.00
2008,4,AA,American Airlines Inc.,MIA,"Miami, FL: Miami International",3382.00,1031.00,306.46,12.50,384.30,1.00,326.74,44.00,5.00,57168.00,21141.00,859.00,13501.00,21.00,21646.00
2008,3,AA,American Airlines Inc.,MIA,"Miami, FL: Miami International",3486.00,1241.00,323.96,31.31,482.32,0.79,402.62,62.00,12.00,73416.00,21492.00,2418.00,19848.00,19.00,29639.00
2008,2,AA,American Airlines Inc.,MIA,"Miami, FL: Miami International",3256.00,1248.00,315.16,62.28,470.45,0.87,399.23,69.00,9.00,75382.00,23574.00,4986.00,18497.00,25.00,28300.00
2008,1,AA,American Airlines Inc.,MIA,"Miami, FL: Miami International",3479.00,1026.00,305.86,41.62,336.01,1.59,340.92,56.00,11.00,57039.00,20621.00,2673.00,12174.00,63.00,21508.00
2007,12,AA,American Airlines Inc.,MIA,"Miami, FL: Miami International",3423.00,1222.00,344.15,98.27,389.10,6.63,383.84,47.00,3.00,68606.00,22468.00,6045.00,14816.00,188.00,25089.00
2007,11,AA,American Airlines Inc.,MIA,"Miami, FL: Miami International",3231.00,762.00,241.33,12.74,241.79,2.09,264.06,15.00,1.00,39591.00,14537.00,991.00,7374.00,61.00,16628.00
2007,10,AA,American Airlines Inc.,MIA,"Miami, FL: Miami International",3338.00,857.00,243.34,17.70,357.59,1.48,236.89,28.00,9.00,45281.00,16163.00,1310.00,12614.00,37.00,15157.00
2007,9,AA,American Airlines Inc.,MIA,"Miami, FL: Miami International",3231.00,698.00,213.03,15.81,275.22,2.44,191.49,52.00,2.00,36927.00,14430.00,844.00,9053.00,245.00,12355.00
2007,8,AA,American Airlines Inc.,MIA,"Miami, FL: Miami International",3377.00,913.00,268.43,33.18,267.89,2.48,341.03,48.00,4.00,53910.00,18335.00,2225.00,10401.00,80.00,22869.00
2007,7,AA,American Airlines Inc.,MIA,"Miami, FL: Miami International",3379.00,1308.00,319.75,83.71,469.62,9.19,425.73,54.00,10.00,87818.00,23030.00,6037.00,22471.00,221.00,36059.00
2007,6,AA,American Airlines Inc.,MIA,"Miami, FL: Miami International",3269.00,1270.00,303.26,73.73,447.09,2.90,443.02,69.00,8.00,86598.00,23204.00,5280.00,22478.00,89.00,35547.00
2007,5,AA,American Airlines Inc.,MIA,"Miami, FL: Miami International",3380.00,841.00,227.78,18.92,309.18,0.00,285.12,32.00,2.00,44627.00,13835.00,1513.00,11497.00,0.00,17782.00
2007,4,AA,American Airlines Inc.,MIA,"Miami, FL: Miami International",3304.00,884.00,260.10,32.95,278.82,2.45,309.67,46.00,5.00,50808.00,15927.00,2173.00,10814.00,148.00,21746.00
2007,3,AA,American Airlines Inc.,MIA,"Miami, FL: Miami International",3511.00,843.00,266.72,42.11,249.22,1.05,283.90,59.00,5.00,53044.00,19702.00,3091.00,9399.00,56.00,20796.00
2007,2,AA,American Airlines Inc.,MIA,"Miami, FL: Miami International",3172.00,944.00,224.19,102.09,332.18,1.21,284.33,92.00,1.00,52702.00,14164.00,6602.00,12755.00,46.00,19135.00
2007,1,AA,American Airlines Inc.,MIA,"Miami, FL: Miami International",3510.00,845.00,259.65,62.60,232.10,0.67,289.98,49.00,5.00,50279.00,18482.00,3577.00,8553.00,151.00,19516.00
2006,12,AA,American Airlines Inc.,MIA,"Miami, FL: Miami International",3391.00,976.00,328.28,43.79,305.05,2.91,295.96,38.00,0.00,52270.00,18800.00,2938.00,10434.00,69.00,20029.00
2006,11,AA,American Airlines Inc.,MIA,"Miami, FL: Miami International",3169.00,580.00,182.37,13.25,211.80,0.00,172.59,15.00,1.00,31555.00,11169.00,717.00,7038.00,0.00,12631.00
2006,10,AA,American Airlines Inc.,MIA,"Miami, FL: Miami International",3260.00,493.00,141.79,14.10,143.70,0.38,193.03,13.00,0.00,30198.00,10354.00,1226.00,5244.00,6.00,13368.00
2006,9,AA,American Airlines Inc.,MIA,"Miami, FL: Miami International",3193.00,748.00,168.91,35.49,307.69,2.63,233.29,62.00,12.00,43715.00,10778.00,2236.00,13087.00,53.00,17561.00
2006,8,AA,American Airlines Inc.,MIA,"Miami, FL: Miami International",3503.00,822.00,212.58,48.52,291.53,36.03,233.34,153.00,12.00,43824.00,12780.00,2787.00,11832.00,1469.00,14956.00
2006,7,AA,American Airlines Inc.,MIA,"Miami, FL: Miami International",3503.00,971.00,254.79,61.44,369.25,1.39,284.13,33.00,3.00,61263.00,18487.00,4400.00,15532.00,34.00,22810.00
2006,6,AA,American Airlines Inc.,MIA,"Miami, FL: Miami International",3390.00,895.00,239.50,41.36,349.42,2.98,261.74,30.00,11.00,55528.00,15471.00,2905.00,15674.00,47.00,21431.00
2006,5,AA,American Airlines Inc.,MIA,"Miami, FL: Miami International",3503.00,673.00,183.22,24.88,270.54,0.38,193.98,33.00,19.00,36757.00,12134.00,1370.00,10836.00,10.00,12407.00
2006,4,AA,American Airlines Inc.,MIA,"Miami, FL: Miami International",3401.00,560.00,185.19,17.93,201.04,1.30,154.54,9.00,2.00,28411.00,10680.00,1489.00,7141.00,29.00,9072.00
2006,3,AA,American Airlines Inc.,MIA,"Miami, FL: Miami International",3640.00,602.00,184.79,26.08,195.93,3.80,191.41,7.00,8.00,30115.00,10108.00,1681.00,7199.00,113.00,11014.00
2006,2,AA,American Airlines Inc.,MIA,"Miami, FL: Miami International",3289.00,675.00,167.63,40.16,291.59,3.11,172.50,74.00,1.00,35758.00,11410.00,2690.00,10322.00,119.00,11217.00
2006,1,AA,American Airlines Inc.,MIA,"Miami, FL: Miami International",3640.00,779.00,212.08,38.80,323.12,1.67,203.33,24.00,5.00,40627.00,13261.00,2738.00,9841.00,79.00,14708.00
2005,12,AA,American Airlines Inc.,MIA,"Miami, FL: Miami International",3532.00,1195.00,300.89,74.63,554.80,10.67,254.01,24.00,8.00,55750.00,15577.00,4214.00,20220.00,288.00,15451.00
2005,11,AA,American Airlines Inc.,MIA,"Miami, FL: Miami International",3293.00,708.00,170.49,12.38,382.00,1.94,141.20,9.00,2.00,29905.00,9497.00,696.00,11571.00,101.00,8040.00
2005,10,AA,American Airlines Inc.,MIA,"Miami, FL: Miami International",3217.00,655.00,179.26,20.92,316.66,0.88,137.28,354.00,10.00,33146.00,12489.00,1008.00,10147.00,20.00,9482.00
2005,9,AA,American Airlines Inc.,MIA,"Miami, FL: Miami International",3096.00,581.00,163.24,39.69,268.66,0.26,109.16,116.00,0.00,29887.00,10572.00,1964.00,10181.00,13.00,7157.00
2005,8,AA,American Airlines Inc.,MIA,"Miami, FL: Miami International",3480.00,911.00,218.82,56.70,386.24,4.10,245.14,167.00,8.00,51347.00,14474.00,3390.00,16315.00,197.00,16971.00
2005,7,AA,American Airlines Inc.,MIA,"Miami, FL: Miami International",3599.00,1074.00,290.56,54.20,414.86,0.00,314.37,24.00,5.00,67087.00,21280.00,3809.00,17488.00,0.00,24510.00
2005,6,AA,American Airlines Inc.,MIA,"Miami, FL: Miami International",3422.00,1056.00,237.30,61.10,447.01,4.06,306.53,37.00,35.00,68366.00,20476.00,3543.00,19517.00,97.00,24733.00
2005,5,AA,American Airlines Inc.,MIA,"Miami, FL: Miami International",3439.00,618.00,149.34,37.25,249.35,1.80,180.26,14.00,24.00,33724.00,8797.00,2129.00,10712.00,54.00,12032.00
2005,4,AA,American Airlines Inc.,MIA,"Miami, FL: Miami International",3349.00,486.00,148.79,12.51,178.50,3.54,142.65,20.00,2.00,24381.00,9821.00,849.00,5492.00,230.00,7989.00
2005,3,AA,American Airlines Inc.,MIA,"Miami, FL: Miami International",3630.00,800.00,210.14,48.32,342.10,2.00,197.43,21.00,7.00,46192.00,14134.00,3254.00,13455.00,85.00,15264.00
2005,2,AA,American Airlines Inc.,MIA,"Miami, FL: Miami International",3279.00,527.00,149.69,42.13,190.06,1.14,143.98,26.00,4.00,26599.00,9192.00,2010.00,6110.00,26.00,9261.00
2005,1,AA,American Airlines Inc.,MIA,"Miami, FL: Miami International",3595.00,817.00,236.04,104.46,275.66,3.77,197.06,86.00,0.00,45829.00,15270.00,6456.00,10005.00,169.00,13929.00
2004,12,AA,American Airlines Inc.,MIA,"Miami, FL: Miami International",3538.00,1000.00,314.75,89.07,385.85,15.69,194.64,15.00,0.00,51069.00,18340.00,6353.00,13066.00,533.00,12777.00
2004,11,AA,American Airlines Inc.,MIA,"Miami, FL: Miami International",3352.00,442.00,111.18,27.77,196.20,2.38,104.46,7.00,2.00,24669.00,6604.00,3408.00,6413.00,133.00,8111.00
2004,10,AA,American Airlines Inc.,MIA,"Miami, FL: Miami International",3291.00,347.00,118.93,10.32,143.75,1.40,72.60,24.00,1.00,17297.00,7407.00,645.00,4365.00,31.00,4849.00
2004,9,AA,American Airlines Inc.,MIA,"Miami, FL: Miami International",3119.00,385.00,99.56,22.40,189.69,0.83,72.51,460.00,4.00,20583.00,5959.00,2618.00,6972.00,25.00,5009.00
2004,8,AA,American Airlines Inc.,MIA,"Miami, FL: Miami International",3511.00,928.00,239.56,61.59,399.01,3.66,224.18,101.00,14.00,68259.00,18241.00,5343.00,22897.00,247.00,21531.00
2004,7,AA,American Airlines Inc.,MIA,"Miami, FL: Miami International",3508.00,941.00,227.19,61.99,389.05,3.18,259.58,28.00,8.00,54332.00,14098.00,3467.00,16559.00,127.00,20081.00
2004,6,AA,American Airlines Inc.,MIA,"Miami, FL: Miami International",3367.00,799.00,185.46,47.03,365.91,2.14,198.47,20.00,4.00,49333.00,13696.00,3411.00,15650.00,84.00,16492.00
2004,5,AA,American Airlines Inc.,MIA,"Miami, FL: Miami International",3471.00,509.00,126.13,17.60,232.88,3.66,128.73,22.00,14.00,33150.00,9848.00,1737.00,10402.00,190.00,10973.00
2004,4,AA,American Airlines Inc.,MIA,"Miami, FL: Miami International",3488.00,492.00,120.50,15.45,254.79,0.00,101.26,9.00,11.00,26047.00,9051.00,770.00,9685.00,0.00,6541.00
2004,3,AA,American Airlines Inc.,MIA,"Miami, FL: Miami International",3610.00,491.00,134.52,26.54,199.77,5.30,124.88,8.00,7.00,26209.00,9237.00,1829.00,6615.00,243.00,8285.00
2004,2,AA,American Airlines Inc.,MIA,"Miami, FL: Miami International",3380.00,644.00,173.64,44.81,281.90,2.49,141.16,19.00,3.00,31963.00,10216.00,2541.00,10464.00,175.00,8567.00
2004,1,AA,American Airlines Inc.,MIA,"Miami, FL: Miami International",3599.00,815.00,187.04,105.81,353.62,0.45,168.08,57.00,4.00,44912.00,15551.00,5574.00,12528.00,17.00,11242.00
2003,12,AA,American Airlines Inc.,MIA,"Miami, FL: Miami International",3606.00,789.00,209.69,64.80,339.92,10.08,164.51,46.00,6.00,43533.00,12721.00,5370.00,13752.00,336.00,11354.00
2003,11,AA,American Airlines Inc.,MIA,"Miami, FL: Miami International",3438.00,486.00,111.02,17.82,236.05,2.90,118.21,19.00,2.00,27302.00,8122.00,1045.00,9412.00,209.00,8514.00
2003,10,AA,American Airlines Inc.,MIA,"Miami, FL: Miami International",3131.00,349.00,99.99,15.05,165.58,0.00,68.37,28.00,12.00,18208.00,8044.00,843.00,5300.00,0.00,4021.00
2003,9,AA,American Airlines Inc.,MIA,"Miami, FL: Miami International",3007.00,496.00,93.89,21.43,314.52,0.28,65.87,58.00,9.00,26121.00,7685.00,1154.00,12879.00,23.00,4380.00
2003,8,AA,American Airlines Inc.,MIA,"Miami, FL: Miami International",3314.00,937.00,181.05,53.33,476.23,9.20,217.19,84.00,10.00,56749.00,12581.00,3844.00,22473.00,287.00,17564.00
2003,7,AA,American Airlines Inc.,MIA,"Miami, FL: Miami International",3301.00,762.00,196.82,33.24,374.69,3.73,153.52,31.00,10.00,45717.00,15241.00,3009.00,14748.00,121.00,12598.00
2003,6,AA,American Airlines Inc.,MIA,"Miami, FL: Miami International",3120.00,723.00,146.14,53.18,390.58,1.84,131.26,20.00,13.00,35978.00,7978.00,3083.00,16535.00,66.00,8316.00
