arr_del15,carrier_ct,security_delay,arr_flights,carrier_delay,arr_diverted,weather_ct,security_ct,nas_ct,arr_cancelled,late_aircraft_ct,arr_delay,weather_delay,nas_delay,late_aircraft_delay
440.00,147.74,55.00,1872.00,11649.00,3.00,16.47,1.00,194.73,5.00,80.06,29520.00,1544.00,8168.00,8104.00
276.00,117.35,30.00,1926.00,8269.00,0.00,4.57,1.00,109.92,0.00,43.16,15558.00,463.00,3578.00,3218.00
178.00,88.17,0.00,1739.00,5807.00,5.00,0.60,0.00,60.60,0.00,28.64,9113.00,9.00,1703.00,1594.00
169.00,102.36,0.00,1696.00,6565.00,0.00,1.00,0.00,33.50,1.00,32.14,9724.00,88.00,912.00,2159.00
294.00,105.59,0.00,1565.00,6398.00,12.00,4.80,0.00,120.55,11.00,63.06,19703.00,620.00,8023.00,4662.00
398.00,157.36,0.00,1723.00,10291.00,8.00,14.80,0.00,134.67,12.00,91.17,25221.00,1699.00,7313.00,5918.00
637.00,221.08,0.00,1760.00,14878.00,18.00,15.87,0.00,232.97,29.00,167.08,46408.00,1945.00,16099.00,13486.00
512.00,199.65,78.00,1672.00,17087.00,19.00,15.92,1.83,170.80,50.00,123.80,39926.00,1387.00,11846.00,9528.00
312.00,149.21,89.00,1737.00,10769.00,6.00,6.84,1.00,81.43,8.00,73.51,20204.00,1071.00,3851.00,4424.00
445.00,176.16,0.00,1775.00,12380.00,5.00,3.96,0.00,151.33,38.00,113.55,27804.00,499.00,7272.00,7653.00
498.00,179.81,0.00,1858.00,14612.00,2.00,7.27,0.00,191.79,31.00,119.14,33145.00,484.00,9552.00,8497.00
291.00,109.35,69.00,1567.00,9453.00,1.00,11.05,0.70,87.76,16.00,82.13,18505.00,1306.00,3386.00,4291.00
406.00,159.53,0.00,1742.00,14473.00,0.00,12.75,0.00,134.47,14.00,99.25,31161.00,1216.00,8264.00,7208.00
447.00,193.59,0.00,1698.00,12939.00,0.00,15.60,0.00,118.00,36.00,119.82,26411.00,1159.00,4611.00,7702.00
256.00,92.39,35.00,1467.00,5571.00,0.00,2.98,0.61,108.64,80.00,51.37,12337.00,334.00,3275.00,3122.00
176.00,86.66,0.00,1448.00,6340.00,1.00,1.41,0.00,45.87,1.00,42.06,10452.00,119.00,1278.00,2715.00
200.00,73.47,190.00,1428.00,4461.00,15.00,7.42,3.39,71.03,103.00,44.69,10186.00,735.00,2688.00,2112.00
335.00,135.05,17.00,1563.00,8631.00,9.00,11.82,0.81,121.58,8.00,65.74,19734.00,891.00,5854.00,4341.00
438.00,188.29,104.00,1639.00,15252.00,4.00,18.06,0.94,137.73,20.00,92.99,28585.00,1417.00,5724.00,6088.00
473.00,191.07,43.00,1590.00,15036.00,9.00,11.81,1.00,150.66,58.00,118.45,34321.00,1134.00,9324.00,8784.00
334.00,166.18,0.00,1634.00,12581.00,2.00,5.45,0.00,105.80,55.00,56.58,21849.00,291.00,4862.00,4115.00
428.00,179.22,76.00,1635.00,19248.00,3.00,10.30,1.68,134.44,40.00,102.35,37199.00,1230.00,8808.00,7837.00
542.00,183.28,0.00,1680.00,15897.00,4.00,11.20,0.00,251.41,14.00,96.11,38251.00,960.00,14178.00,7216.00
228.00,106.31,0.00,1368.00,5724.00,0.00,7.71,0.00,73.80,5.00,40.18,11498.00,520.00,2714.00,2540.00
298.00,150.05,32.00,1535.00,12294.00,0.00,7.20,0.80,82.02,39.00,57.92,19691.00,920.00,3346.00,3099.00
309.00,162.21,170.00,1561.00,12510.00,2.00,11.54,2.55,79.38,31.00,53.32,20332.00,1563.00,3057.00,3032.00
180.00,76.91,103.00,1412.00,4749.00,0.00,1.56,1.84,66.49,1.00,33.20,8630.00,83.00,1887.00,1808.00
168.00,67.19,0.00,1430.00,6742.00,2.00,1.97,0.00,56.08,1.00,42.76,13059.00,116.00,3125.00,3076.00
174.00,95.86,67.00,1366.00,5049.00,1.00,2.08,0.80,54.77,4.00,20.49,8575.00,63.00,1985.00,1411.00
255.00,96.15,15.00,1471.00,5387.00,2.00,10.35,1.00,103.34,0.00,44.16,12332.00,645.00,3843.00,2442.00
283.00,119.13,0.00,1525.00,7209.00,11.00,11.18,0.00,85.66,0.00,67.03,16933.00,874.00,3903.00,4947.00
308.00,115.36,95.00,1530.00,7134.00,11.00,7.26,1.48,136.61,0.00,47.29,16781.00,286.00,5976.00,3290.00
174.00,101.58,115.00,1707.00,5891.00,2.00,4.15,2.00,41.23,0.00,25.04,9108.00,172.00,1433.00,1497.00
210.00,94.26,0.00,1677.00,7495.00,12.00,6.02,0.00,71.09,23.00,38.62,15638.00,906.00,4518.00,2719.00
142.00,67.58,0.00,1689.00,4585.00,1.00,3.73,0.00,54.21,7.00,16.47,6952.00,261.00,1541.00,565.00
144.00,47.58,0.00,1264.00,2699.00,3.00,6.58,0.00,76.34,20.00,13.49,6835.00,804.00,2703.00,629.00
137.00,50.39,32.00,1356.00,4874.00,1.00,1.38,1.00,58.96,3.00,25.26,10050.00,83.00,3248.00,1813.00
182.00,68.44,0.00,1240.00,5923.00,1.00,6.94,0.00,84.03,12.00,22.59,10914.00,475.00,2902.00,1614.00
87.00,39.25,0.00,1011.00,2786.00,1.00,1.76,0.00,34.69,9.00,11.29,4565.00,62.00,1168.00,549.00
61.00,33.13,0.00,804.00,1851.00,1.00,2.02,0.00,24.30,1.00,1.55,2781.00,164.00,718.00,48.00
32.00,14.93,0.00,599.00,1375.00,7.00,0.31,0.00,13.71,0.00,3.06,2064.00,14.00,602.00,73.00
71.00,28.00,0.00,634.00,1507.00,0.00,2.67,0.00,29.58,0.00,10.75,3241.00,74.00,1120.00,540.00
58.00,23.81,74.00,577.00,892.00,5.00,1.00,1.00,29.60,14.00,2.59,2068.00,20.00,966.00,116.00
8.00,2.96,0.00,244.00,119.00,1.00,0.82,0.00,3.26,0.00,0.97,268.00,36.00,82.00,31.00
5.00,1.80,0.00,161.00,179.00,0.00,0.00,0.00,3.20,0.00,0.00,237.00,0.00,58.00,0.00
13.00,6.76,0.00,340.00,420.00,0.00,0.00,0.00,6.24,122.00,0.00,575.00,0.00,155.00,0.00
84.00,39.86,0.00,1808.00,2865.00,1.00,1.00,0.00,28.05,397.00,15.10,4517.00,118.00,796.00,738.00
230.00,69.92,0.00,1568.00,5829.00,2.00,9.73,0.00,96.77,0.00,53.57,14819.00,961.00,4260.00,3769.00
185.00,57.17,0.00,1675.00,3699.00,1.00,4.98,0.00,70.93,0.00,51.92,9609.00,819.00,2217.00,2874.00
276.00,102.30,67.00,1671.00,6141.00,4.00,17.69,2.00,84.76,1.00,69.24,17248.00,3034.00,3363.00,4643.00
146.00,57.98,0.00,1468.00,3323.00,0.00,3.28,0.00,53.98,0.00,30.76,9111.00,2428.00,1882.00,1478.00
191.00,74.47,24.00,1492.00,5374.00,1.00,3.20,1.00,52.57,0.00,59.76,10792.00,143.00,1633.00,3618.00
93.00,41.18,0.00,1344.00,1942.00,0.00,1.55,0.00,29.53,56.00,20.74,3968.00,69.00,998.00,959.00
368.00,112.06,0.00,1571.00,7927.00,5.00,3.03,0.00,144.95,5.00,107.96,23591.00,565.00,7943.00,7156.00
430.00,132.52,33.00,1615.00,11040.00,15.00,9.27,1.00,166.85,7.00,120.36,32536.00,1196.00,10382.00,9885.00
382.00,112.03,0.00,1614.00,7492.00,15.00,17.22,0.00,138.71,4.00,114.04,26558.00,2083.00,7861.00,9122.00
254.00,93.25,0.00,1636.00,6756.00,7.00,5.51,0.00,78.37,0.00,76.87,18694.00,639.00,5137.00,6162.00
242.00,89.31,0.00,1620.00,5951.00,4.00,5.27,0.00,76.60,3.00,70.82,18570.00,656.00,5854.00,6109.00
227.00,92.94,0.00,1775.00,6610.00,1.00,9.76,0.00,64.74,0.00,59.56,13889.00,994.00,2452.00,3833.00
245.00,88.26,0.00,1388.00,6811.00,0.00,8.95,0.00,84.56,1.00,63.23,17028.00,784.00,3581.00,5852.00
237.00,78.42,0.00,1550.00,6069.00,1.00,17.95,0.00,83.77,3.00,56.86,14406.00,1470.00,2981.00,3886.00
229.00,90.27,0.00,1555.00,5338.00,2.00,13.93,0.00,78.24,2.00,46.56,11798.00,583.00,3043.00,2834.00
263.00,82.33,0.00,1398.00,3990.00,1.00,12.46,0.00,116.29,2.00,51.92,11595.00,789.00,3819.00,2997.00
150.00,64.14,0.00,1371.00,3284.00,0.00,1.97,0.00,54.37,0.00,29.52,6906.00,67.00,1590.00,1965.00
144.00,59.02,0.00,1261.00,2825.00,5.00,3.97,0.00,43.42,0.00,37.59,6496.00,198.00,1703.00,1770.00
336.00,106.76,25.00,1561.00,9774.00,7.00,15.85,0.83,132.31,3.00,80.25,24487.00,1020.00,6018.00,7650.00
406.00,100.71,0.00,1628.00,7080.00,25.00,20.53,0.00,184.63,3.00,100.13,29442.00,1548.00,12244.00,8570.00
341.00,115.89,0.00,1604.00,7954.00,11.00,18.00,0.00,122.86,2.00,84.24,22907.00,1634.00,5689.00,7630.00
271.00,91.45,0.00,1612.00,4983.00,1.00,10.00,0.00,111.18,0.00,58.37,12783.00,861.00,3810.00,3129.00
241.00,71.99,0.00,1598.00,4092.00,6.00,5.98,0.00,97.90,4.00,65.13,12807.00,1352.00,3326.00,4037.00
241.00,83.05,0.00,1783.00,4276.00,3.00,10.20,0.00,93.80,22.00,53.94,12176.00,612.00,4041.00,3247.00
184.00,81.11,0.00,1498.00,5573.00,0.00,7.46,0.00,59.39,1.00,36.05,11600.00,592.00,2424.00,3011.00
240.00,88.07,0.00,1622.00,5681.00,1.00,28.46,0.00,80.79,23.00,42.68,16770.00,3344.00,3447.00,4298.00
243.00,84.57,169.00,1561.00,4871.00,0.00,23.56,2.00,83.81,27.00,49.05,14364.00,2312.00,4000.00,3012.00
118.00,53.74,0.00,1357.00,3259.00,2.00,0.68,0.00,43.39,0.00,20.19,5749.00,45.00,1721.00,724.00
169.00,56.89,70.00,1432.00,3172.00,1.00,2.48,1.00,58.73,0.00,49.90,7896.00,90.00,1620.00,2944.00
137.00,46.82,25.00,1312.00,3020.00,0.00,2.80,1.00,68.80,116.00,17.57,6642.00,135.00,2460.00,1002.00
195.00,76.40,0.00,1522.00,4600.00,2.00,12.04,0.00,56.56,2.00,49.99,11560.00,761.00,2092.00,4107.00
276.00,88.15,0.00,1566.00,7970.00,12.00,14.19,0.00,92.87,4.00,80.79,21145.00,819.00,5223.00,7133.00
315.00,99.13,48.00,1519.00,5507.00,9.00,14.43,0.86,109.27,3.00,91.32,19559.00,811.00,6139.00,7054.00
239.00,69.00,0.00,1513.00,6206.00,2.00,6.55,0.00,67.04,4.00,96.41,18371.00,246.00,3343.00,8576.00
309.00,117.62,0.00,1514.00,10113.00,1.00,40.61,0.00,52.62,46.00,98.14,28831.00,7237.00,2116.00,9365.00
222.00,84.17,35.00,1688.00,4454.00,1.00,11.21,0.92,42.06,11.00,83.64,14610.00,1745.00,2182.00,6194.00
129.00,54.18,0.00,1372.00,2871.00,1.00,11.50,0.00,31.05,14.00,32.27,8574.00,1047.00,1851.00,2805.00
238.00,83.74,0.00,1501.00,6217.00,6.00,25.03,0.00,68.12,16.00,61.11,17198.00,2518.00,2876.00,5587.00
261.00,107.47,23.00,1516.00,8550.00,2.00,16.17,0.40,79.37,1.00,57.58,19019.00,2154.00,4460.00,3832.00
108.00,55.25,0.00,1325.00,2713.00,0.00,1.17,0.00,23.71,0.00,27.87,4879.00,39.00,672.00,1455.00
113.00,49.03,0.00,1421.00,2620.00,1.00,1.89,0.00,36.46,65.00,25.62,4890.00,52.00,1179.00,1039.00
162.00,45.82,0.00,1262.00,3004.00,5.00,6.86,0.00,78.44,0.00,30.89,8477.00,351.00,3281.00,1841.00
323.00,125.69,127.00,1526.00,11242.00,2.00,4.74,1.00,64.07,23.00,127.50,28278.00,378.00,2914.00,13617.00
294.00,108.94,0.00,1564.00,9747.00,1.00,13.19,0.00,66.30,6.00,105.57,25503.00,1790.00,4267.00,9699.00
257.00,90.23,0.00,1509.00,6132.00,2.00,11.16,0.00,68.74,0.00,86.88,17557.00,1060.00,3512.00,6853.00
187.00,68.52,0.00,1516.00,4472.00,1.00,1.17,0.00,75.84,0.00,41.47,9606.00,61.00,2734.00,2339.00
151.00,50.13,0.00,1568.00,3342.00,3.00,6.12,0.00,57.16,0.00,37.59,9629.00,497.00,3191.00,2599.00
255.00,66.53,30.00,1707.00,4965.00,7.00,9.77,1.00,120.18,0.00,57.52,15653.00,675.00,6038.00,3945.00
195.00,59.76,0.00,1493.00,3545.00,1.00,14.87,0.00,66.06,6.00,54.32,12027.00,1819.00,2352.00,4311.00
247.00,70.55,0.00,1554.00,3870.00,1.00,15.13,0.00,97.58,19.00,63.74,12447.00,1214.00,3614.00,3749.00
265.00,82.47,0.00,1482.00,4545.00,0.00,20.57,0.00,91.35,1.00,70.60,15766.00,2722.00,3416.00,5083.00
124.00,51.14,0.00,1287.00,3682.00,0.00,5.22,0.00,43.66,0.00,23.98,7423.00,623.00,1335.00,1783.00
114.00,53.11,0.00,1349.00,2443.00,0.00,0.92,0.00,40.97,0.00,19.01,4787.00,46.00,906.00,1392.00
116.00,39.08,0.00,1232.00,2020.00,2.00,6.78,0.00,49.24,0.00,20.90,5295.00,336.00,1835.00,1104.00
312.00,84.49,0.00,1436.00,4693.00,7.00,21.01,0.00,157.71,2.00,48.79,15770.00,1021.00,7193.00,2863.00
281.00,85.80,0.00,1437.00,5511.00,11.00,15.49,0.00,100.84,4.00,78.88,15766.00,1382.00,3895.00,4978.00
288.00,85.75,0.00,1403.00,5777.00,13.00,15.02,0.00,99.52,6.00,87.70,17917.00,1499.00,4457.00,6184.00
196.00,82.48,0.00,1457.00,6008.00,1.00,13.10,0.00,53.08,4.00,47.34,11710.00,648.00,2104.00,2950.00
231.00,78.22,0.00,1448.00,4336.00,3.00,5.59,0.00,98.13,3.00,49.06,10766.00,353.00,3062.00,3015.00
306.00,115.37,53.00,1583.00,6451.00,0.00,10.94,0.95,106.16,20.00,72.58,17657.00,1591.00,4106.00,5456.00
270.00,88.94,0.00,1287.00,5385.00,3.00,23.78,0.00,91.97,32.00,65.31,15210.00,2107.00,3744.00,3974.00
200.00,69.54,0.00,1371.00,4616.00,1.00,15.68,0.00,71.86,18.00,42.92,11169.00,1573.00,2573.00,2407.00
167.00,66.73,0.00,1419.00,4131.00,0.00,3.22,0.00,64.36,1.00,32.69,8524.00,284.00,2236.00,1873.00
234.00,59.11,0.00,1276.00,2518.00,0.00,8.06,0.00,129.77,1.00,37.06,10555.00,590.00,5045.00,2402.00
152.00,63.88,0.00,1270.00,2942.00,0.00,3.65,0.00,46.53,0.00,37.94,6441.00,184.00,1315.00,2000.00
157.00,51.52,0.00,1196.00,2742.00,1.00,7.70,0.00,67.26,0.00,30.52,6725.00,304.00,2461.00,1218.00
241.00,88.01,0.00,1383.00,6245.00,7.00,18.77,0.00,98.40,4.00,35.82,14325.00,1680.00,3985.00,2415.00
282.00,102.00,0.00,1395.00,6013.00,4.00,10.35,0.00,117.80,3.00,51.85,16579.00,1314.00,5785.00,3467.00
242.00,82.65,0.00,1353.00,5540.00,6.00,11.26,0.00,88.01,2.00,60.08,13902.00,482.00,4162.00,3718.00
254.00,95.90,0.00,1421.00,4988.00,3.00,3.94,0.00,94.81,2.00,59.35,12202.00,397.00,3222.00,3595.00
231.00,88.14,0.00,1420.00,6373.00,9.00,10.09,0.00,88.56,0.00,44.21,13149.00,722.00,3520.00,2534.00
248.00,90.03,0.00,1542.00,5928.00,1.00,4.79,0.00,95.95,0.00,57.23,13999.00,337.00,4485.00,3249.00
263.00,86.88,0.00,1257.00,7636.00,2.00,20.19,0.00,103.67,41.00,52.27,18152.00,2926.00,4144.00,3446.00
355.00,127.08,0.00,1354.00,8834.00,2.00,43.40,0.00,118.85,53.00,65.67,24600.00,5161.00,5319.00,5286.00
254.00,93.28,0.00,1380.00,4071.00,0.00,11.92,0.00,98.85,1.00,49.95,12046.00,1080.00,3911.00,2984.00
122.00,42.65,40.00,1311.00,2421.00,0.00,2.70,0.38,49.66,0.00,26.61,5470.00,355.00,1305.00,1349.00
113.00,53.75,0.00,1337.00,3167.00,0.00,0.00,0.00,31.46,0.00,27.78,5264.00,0.00,760.00,1337.00
114.00,44.80,0.00,1230.00,2454.00,2.00,3.00,0.00,41.57,0.00,24.62,6241.00,69.00,1766.00,1952.00
216.00,87.27,0.00,1467.00,4942.00,4.00,2.15,0.00,71.15,0.00,55.43,10675.00,113.00,2542.00,3078.00
356.00,130.19,0.00,1482.00,9221.00,4.00,9.56,0.00,107.99,5.00,108.25,22115.00,602.00,4733.00,7559.00
327.00,139.17,0.00,1448.00,9747.00,0.00,11.61,0.00,105.98,2.00,70.23,21219.00,998.00,5438.00,5036.00
148.00,61.32,0.00,1435.00,3925.00,0.00,4.01,0.00,47.77,2.00,34.91,8356.00,429.00,1938.00,2064.00
221.00,80.72,0.00,1437.00,5040.00,1.00,6.22,0.00,88.47,1.00,45.59,11899.00,451.00,3810.00,2598.00
252.00,88.60,0.00,1574.00,4897.00,4.00,10.58,0.00,106.17,6.00,46.65,14092.00,1508.00,4211.00,3476.00
159.00,66.03,0.00,1311.00,4166.00,1.00,4.17,0.00,60.02,12.00,28.78,7607.00,226.00,2038.00,1177.00
169.00,69.01,0.00,1384.00,3718.00,1.00,6.89,0.00,69.23,3.00,23.87,8293.00,876.00,1915.00,1784.00
238.00,69.82,0.00,1415.00,4799.00,1.00,3.38,0.00,100.05,1.00,64.74,12969.00,280.00,3588.00,4302.00
114.00,42.10,0.00,1356.00,1847.00,1.00,1.07,0.00,32.04,8.00,38.79,5210.00,35.00,899.00,2429.00
149.00,56.38,0.00,1388.00,3223.00,2.00,1.71,0.00,44.26,27.00,46.66,7076.00,96.00,1122.00,2635.00
140.00,37.69,0.00,1351.00,1908.00,6.00,0.74,0.00,62.34,7.00,39.23,6304.00,37.00,2305.00,2054.00
325.00,91.48,0.00,1468.00,5389.00,3.00,5.73,0.00,141.18,7.00,86.60,17017.00,221.00,5639.00,5768.00
316.00,96.92,0.00,1483.00,5521.00,1.00,13.37,0.00,108.65,7.00,97.06,19113.00,1139.00,4575.00,7878.00
201.00,70.26,0.00,1445.00,5495.00,5.00,7.37,0.00,74.96,4.00,48.40,12675.00,1116.00,2815.00,3249.00
236.00,61.25,0.00,1476.00,3446.00,0.00,4.51,0.00,96.36,2.00,73.88,11337.00,592.00,3553.00,3746.00
128.00,41.80,0.00,1484.00,2280.00,2.00,1.00,0.00,37.92,1.00,47.28,5568.00,58.00,1073.00,2157.00
227.00,67.36,0.00,1537.00,3949.00,1.00,3.64,0.00,83.42,2.00,72.58,11483.00,448.00,2248.00,4838.00
142.00,46.81,0.00,1309.00,3068.00,3.00,1.47,0.00,46.80,0.00,46.92,7163.00,230.00,1518.00,2347.00
169.00,57.26,0.00,1346.00,3043.00,0.00,4.04,0.00,56.14,2.00,51.56,8125.00,239.00,1615.00,3228.00
171.00,61.38,0.00,1427.00,3792.00,0.00,3.34,0.00,55.11,3.00,51.17,8349.00,109.00,1506.00,2942.00
137.00,48.61,40.00,1314.00,2969.00,1.00,2.95,0.82,41.74,0.00,42.89,7019.00,99.00,1227.00,2684.00
173.00,50.50,0.00,1337.00,2703.00,2.00,1.08,0.00,86.91,5.00,34.50,7427.00,145.00,2605.00,1974.00
181.00,49.22,0.00,1298.00,2214.00,0.00,2.65,0.00,87.34,1.00,41.80,7786.00,100.00,2952.00,2520.00
246.00,80.23,0.00,1453.00,4942.00,1.00,5.60,0.00,75.57,23.00,84.61,15906.00,331.00,3396.00,7237.00
340.00,105.09,0.00,1514.00,5840.00,5.00,12.81,0.00,118.43,10.00,103.66,20480.00,819.00,5575.00,8246.00
260.00,84.56,0.00,1470.00,4808.00,4.00,12.12,0.00,84.65,9.00,78.68,15483.00,938.00,3710.00,6027.00
228.00,74.06,0.00,1534.00,3990.00,2.00,6.69,0.00,76.29,8.00,70.96,12308.00,415.00,2888.00,5015.00
309.00,93.67,0.00,1576.00,5496.00,0.00,6.00,0.00,100.44,13.00,108.88,17195.00,786.00,3847.00,7066.00
355.00,109.32,0.00,1714.00,5811.00,3.00,5.60,0.00,123.04,10.00,117.04,18759.00,306.00,5399.00,7243.00
294.00,83.89,0.00,1511.00,4378.00,1.00,8.70,0.00,110.14,35.00,91.27,14086.00,830.00,3244.00,5634.00
324.00,109.48,0.00,1670.00,6110.00,0.00,11.42,0.00,132.27,73.00,70.83,16160.00,806.00,4873.00,4371.00
377.00,149.13,0.00,1620.00,8795.00,4.00,11.76,0.00,103.66,58.00,112.45,20643.00,870.00,4158.00,6820.00
248.00,80.15,0.00,1487.00,4155.00,2.00,4.36,0.00,98.29,4.00,65.20,11155.00,440.00,2994.00,3566.00
268.00,111.30,0.00,1425.00,5279.00,0.00,4.30,0.00,65.85,12.00,86.55,13770.00,263.00,2088.00,6140.00
221.00,77.71,0.00,1382.00,4043.00,1.00,4.83,0.00,76.24,12.00,62.22,11562.00,393.00,2926.00,4200.00
360.00,137.17,0.00,1536.00,7219.00,3.00,5.84,0.00,125.70,10.00,91.30,18131.00,476.00,4307.00,6129.00
448.00,180.08,24.00,1576.00,10908.00,0.00,15.77,0.53,121.80,22.00,129.82,27094.00,1635.00,4943.00,9584.00
416.00,159.28,0.00,1516.00,8254.00,0.00,12.49,0.00,128.86,15.00,115.37,20512.00,849.00,4380.00,7029.00
350.00,128.55,0.00,1532.00,6567.00,0.00,10.69,0.00,121.38,9.00,89.38,17729.00,985.00,4505.00,5672.00
245.00,99.49,0.00,1534.00,5098.00,0.00,5.93,0.00,91.79,3.00,47.79,10513.00,299.00,3077.00,2039.00
335.00,123.71,2.00,1658.00,6219.00,3.00,7.48,0.07,109.94,16.00,93.80,18796.00,1046.00,4447.00,7082.00
364.00,129.68,65.00,1449.00,7402.00,0.00,8.59,2.54,154.67,49.00,68.52,19916.00,886.00,5750.00,5813.00
288.00,113.72,0.00,1547.00,6433.00,2.00,8.42,0.00,110.23,15.00,55.63,14746.00,551.00,3984.00,3778.00
241.00,69.76,28.00,1135.00,3197.00,4.00,5.91,1.00,93.02,21.00,71.31,10935.00,404.00,2864.00,4442.00
91.00,27.43,0.00,1012.00,1420.00,0.00,1.01,0.00,38.84,3.00,23.71,4602.00,264.00,1204.00,1714.00
123.00,46.03,0.00,986.00,2734.00,0.00,2.66,0.00,40.20,1.00,34.11,5607.00,109.00,1174.00,1590.00
104.00,38.43,0.00,923.00,1750.00,1.00,4.17,0.00,35.67,4.00,25.73,5001.00,213.00,1132.00,1906.00
181.00,49.40,0.00,1048.00,2953.00,1.00,3.13,0.00,74.36,2.00,54.12,9958.00,148.00,3259.00,3598.00
221.00,64.51,91.00,1024.00,4236.00,5.00,6.39,0.73,83.22,2.00,66.15,13937.00,800.00,3601.00,5209.00
196.00,54.69,0.00,998.00,3190.00,6.00,3.81,0.00,72.93,5.00,64.57,10966.00,253.00,3152.00,4371.00
234.00,59.12,0.00,1078.00,2651.00,1.00,3.63,0.00,114.62,5.00,56.62,10198.00,195.00,4063.00,3289.00
206.00,60.04,0.00,1062.00,3626.00,2.00,3.66,0.00,84.20,3.00,58.09,12449.00,739.00,3033.00,5051.00
198.00,60.71,0.00,1121.00,3204.00,0.00,12.66,0.00,65.80,20.00,58.83,10572.00,1187.00,2730.00,3451.00
109.00,40.04,0.00,993.00,1939.00,1.00,3.75,0.00,39.39,6.00,25.82,5260.00,236.00,1378.00,1707.00
217.00,54.10,0.00,1072.00,2340.00,2.00,8.98,0.00,105.16,6.00,48.76,10485.00,814.00,4138.00,3193.00
283.00,89.30,0.00,1075.00,4901.00,2.00,13.23,0.00,96.46,10.00,84.01,15272.00,1132.00,4315.00,4924.00
172.00,52.68,0.00,960.00,2270.00,1.00,3.19,0.00,65.93,3.00,50.20,8209.00,139.00,2262.00,3538.00
165.00,66.75,0.00,938.00,3081.00,0.00,2.47,0.00,51.10,1.00,44.69,7172.00,109.00,1676.00,2306.00
106.00,37.05,0.00,876.00,1563.00,0.00,2.76,0.00,46.24,3.00,19.94,4270.00,65.00,1437.00,1205.00
229.00,84.05,0.00,1024.00,4491.00,1.00,2.17,0.00,94.53,8.00,48.25,11847.00,95.00,3758.00,3503.00
306.00,103.96,0.00,1041.00,6171.00,2.00,10.07,0.00,98.31,10.00,93.66,19872.00,678.00,5135.00,7888.00
266.00,73.07,0.00,1013.00,3534.00,4.00,4.28,0.00,119.90,7.00,68.75,13175.00,311.00,4858.00,4472.00
142.00,42.85,0.00,1056.00,2188.00,0.00,1.08,0.00,68.03,2.00,30.03,6189.00,36.00,2032.00,1933.00
253.00,62.01,0.00,1056.00,3049.00,0.00,2.30,0.00,104.07,4.00,84.63,13361.00,108.00,4028.00,6176.00
317.00,69.34,0.00,1145.00,4267.00,2.00,4.68,0.00,143.57,12.00,99.41,16319.00,335.00,5004.00,6713.00
245.00,58.06,0.00,1045.00,3642.00,1.00,8.07,0.00,111.55,8.00,67.32,11990.00,561.00,4264.00,3523.00
179.00,49.35,0.00,1090.00,2333.00,1.00,3.31,0.00,80.34,15.00,46.01,8994.00,662.00,2993.00,3006.00
258.00,89.84,17.00,1163.00,4141.00,0.00,3.73,0.49,92.06,16.00,71.88,11897.00,416.00,3678.00,3645.00
108.00,33.61,0.00,1061.00,1440.00,0.00,0.46,0.00,36.57,6.00,37.36,4531.00,29.00,1045.00,2017.00
215.00,57.40,107.00,1061.00,2693.00,1.00,0.33,0.70,101.53,4.00,55.03,8995.00,7.00,3269.00,2919.00
166.00,42.43,0.00,1001.00,2116.00,2.00,2.15,0.00,77.01,6.00,44.41,7641.00,120.00,2614.00,2791.00
302.00,96.90,0.00,1147.00,5578.00,1.00,7.09,0.00,112.55,4.00,85.47,19173.00,522.00,5100.00,7973.00
452.00,124.56,188.00,1198.00,5890.00,2.00,8.28,2.21,181.92,17.00,135.02,25271.00,425.00,9038.00,9730.00
349.00,101.62,0.00,1152.00,6317.00,4.00,12.98,0.00,131.59,25.00,102.81,20569.00,1295.00,6084.00,6873.00
226.00,67.47,0.00,1118.00,3496.00,0.00,1.92,0.00,101.65,5.00,54.96,10180.00,135.00,3502.00,3047.00
269.00,65.31,68.00,1145.00,3229.00,2.00,1.47,0.39,133.68,4.00,68.15,12596.00,111.00,4637.00,4551.00
295.00,89.56,0.00,1186.00,3952.00,0.00,1.97,0.00,128.23,23.00,75.24,12502.00,96.00,4318.00,4136.00
252.00,65.42,0.00,1054.00,3457.00,0.00,10.72,0.00,113.77,19.00,62.08,12234.00,1270.00,4215.00,3292.00
204.00,64.23,0.00,1160.00,2832.00,2.00,6.55,0.00,83.07,10.00,50.16,8114.00,433.00,2323.00,2526.00
250.00,75.64,70.00,1089.00,4092.00,0.00,3.77,0.84,96.93,4.00,72.82,10942.00,216.00,2974.00,3590.00
170.00,60.00,0.00,999.00,3059.00,0.00,3.29,0.00,65.53,2.00,41.18,7032.00,130.00,2020.00,1823.00
198.00,75.87,0.00,1015.00,3755.00,2.00,4.42,0.00,65.20,10.00,52.51,8870.00,369.00,1930.00,2816.00
204.00,53.38,0.00,962.00,2429.00,2.00,1.78,0.00,94.09,12.00,54.76,9240.00,82.00,3381.00,3348.00
243.00,64.46,85.00,1086.00,3703.00,1.00,4.86,2.00,84.37,13.00,87.32,12258.00,341.00,2896.00,5233.00
294.00,90.06,50.00,1106.00,4083.00,1.00,7.73,1.30,110.00,13.00,84.90,15218.00,369.00,4702.00,6014.00
287.00,81.49,48.00,1088.00,4366.00,0.00,7.06,0.70,100.48,6.00,97.27,15609.00,472.00,4035.00,6688.00
184.00,60.31,0.00,1146.00,3087.00,1.00,4.53,0.00,63.58,7.00,55.57,8422.00,165.00,1931.00,3239.00
178.00,55.35,72.00,1245.00,2619.00,0.00,3.03,1.89,51.27,5.00,66.46,6935.00,157.00,1538.00,2549.00
189.00,63.26,249.00,1284.00,3060.00,0.00,1.50,1.89,40.96,3.00,81.39,8115.00,101.00,1199.00,3506.00
196.00,49.82,0.00,1095.00,2340.00,1.00,8.28,0.00,80.42,25.00,57.47,7942.00,367.00,2548.00,2687.00
236.00,79.09,0.00,1187.00,4497.00,5.00,14.11,0.00,64.81,14.00,77.99,12620.00,1020.00,2536.00,4567.00
399.00,105.10,0.00,1230.00,5338.00,1.00,11.53,0.00,153.83,15.00,128.54,18684.00,856.00,5791.00,6699.00
319.00,73.55,0.00,1238.00,3219.00,0.00,2.99,0.00,143.91,5.00,98.55,12443.00,107.00,4024.00,5093.00
217.00,64.15,0.00,1203.00,2571.00,1.00,2.49,0.00,117.08,25.00,33.28,6817.00,66.00,2851.00,1329.00
130.00,43.70,0.00,1129.00,2363.00,0.00,0.75,0.00,62.77,8.00,22.79,5214.00,56.00,2000.00,795.00
312.00,82.55,47.00,1341.00,5183.00,2.00,4.12,0.47,117.22,17.00,107.64,16905.00,227.00,4372.00,7076.00
362.00,89.49,0.00,1343.00,6783.00,2.00,8.65,0.00,124.11,16.00,139.75,22477.00,757.00,5376.00,9561.00
275.00,60.29,0.00,1292.00,3451.00,3.00,1.97,0.00,106.84,2.00,105.90,13626.00,84.00,3947.00,6144.00
187.00,55.28,0.00,1407.00,2878.00,1.00,3.41,0.00,70.30,5.00,58.01,8799.00,180.00,2141.00,3600.00
197.00,49.24,0.00,1335.00,2446.00,1.00,4.09,0.00,83.50,2.00,60.17,8660.00,270.00,2561.00,3383.00
386.00,79.64,38.00,1405.00,4480.00,2.00,8.11,0.44,153.77,20.00,144.03,20861.00,321.00,6754.00,9268.00
213.00,62.08,0.00,1271.00,3380.00,0.00,3.05,0.00,77.86,5.00,70.01,9709.00,149.00,2614.00,3566.00
250.00,66.50,36.00,1357.00,3941.00,0.00,13.54,0.72,88.52,40.00,80.72,13493.00,1356.00,3487.00,4673.00
314.00,109.21,31.00,1334.00,6003.00,1.00,15.19,0.42,113.21,7.00,75.97,14831.00,1178.00,3815.00,3804.00
215.00,55.27,0.00,1316.00,2822.00,1.00,4.93,0.00,87.30,1.00,67.49,9604.00,398.00,2348.00,4036.00
173.00,64.11,0.00,1331.00,3169.00,0.00,1.61,0.00,70.26,3.00,37.02,6322.00,73.00,1855.00,1225.00
187.00,63.35,0.00,1198.00,3213.00,1.00,8.21,0.00,74.12,217.00,41.33,8813.00,1253.00,2429.00,1918.00
377.00,72.14,71.00,1388.00,4418.00,1.00,7.79,1.91,206.23,49.00,88.92,17385.00,480.00,7483.00,4933.00
438.00,92.97,44.00,1393.00,4200.00,3.00,4.64,1.00,216.51,6.00,122.88,18886.00,290.00,7326.00,7026.00
401.00,90.46,0.00,1356.00,4661.00,7.00,10.86,0.00,204.52,5.00,95.16,17730.00,662.00,6292.00,6115.00
301.00,63.25,0.00,1369.00,3174.00,0.00,4.59,0.00,168.87,2.00,64.28,12090.00,257.00,5286.00,3373.00
305.00,62.25,80.00,1494.00,3080.00,2.00,2.60,1.00,181.00,0.00,58.15,10907.00,122.00,4926.00,2699.00
196.00,57.40,24.00,1531.00,2436.00,0.00,8.23,1.00,80.04,3.00,49.33,7798.00,455.00,2368.00,2515.00
294.00,92.31,0.00,1429.00,5346.00,1.00,4.69,0.00,132.12,6.00,64.88,13240.00,224.00,4098.00,3572.00
212.00,49.92,57.00,1381.00,2268.00,1.00,8.91,0.97,110.45,5.00,41.76,8209.00,462.00,3556.00,1866.00
255.00,72.30,0.00,1407.00,3867.00,4.00,13.14,0.00,92.63,37.00,76.93,14045.00,1010.00,3848.00,5320.00
167.00,54.02,0.00,1348.00,2913.00,0.00,2.07,0.00,69.75,2.00,41.16,7336.00,209.00,1947.00,2267.00
128.00,40.37,0.00,1350.00,1711.00,0.00,0.43,0.00,58.02,0.00,29.18,4813.00,16.00,1603.00,1483.00
148.00,28.29,0.00,1168.00,1160.00,2.00,1.58,0.00,79.70,7.00,38.42,6061.00,59.00,2980.00,1862.00
313.00,80.93,0.00,1324.00,4364.00,7.00,6.17,0.00,157.65,12.00,68.25,14529.00,319.00,5886.00,3960.00
288.00,73.11,0.00,1356.00,4011.00,2.00,5.60,0.00,165.33,2.00,43.96,13044.00,684.00,5733.00,2616.00
184.00,44.06,0.00,1312.00,2220.00,0.00,3.02,0.00,95.06,3.00,41.86,7241.00,223.00,2690.00,2108.00
